{
    "overall": {
        "ks_stat": 0.219233746130031,
        "ks_p_value": 9.586393313857195e-28,
        "bias": 0.08385427601648221,
        "coverage_50": 0.30030959752321984,
        "coverage_90": 0.6578947368421053,
        "fail_low_pct": 0.07120743034055728,
        "fail_high_pct": 0.2708978328173375,
        "rmse": 15.178504192693273,
        "n_samples": 646
    },
    "segments": {
        "Mid": {
            "ks_stat": 0.20503144654088057,
            "ks_p_value": 3.3643342616298723e-12,
            "bias": 0.05209912850851539,
            "coverage_50": 0.27358490566037735,
            "coverage_90": 0.6540880503144654,
            "fail_low_pct": 0.08490566037735849,
            "fail_high_pct": 0.2610062893081761,
            "rmse": 15.468902164065682,
            "n_samples": 318,
            "pit_histogram": "\n  PIT Distribution (0.0 = Over-predicted, 1.0 = Under-predicted):\n  0.0-0.1 | ####################### (45)\n  0.1-0.2 | ################### (38)\n  0.2-0.3 | ############ (25)\n  0.3-0.4 | ########## (21)\n  0.4-0.5 | ########### (23)\n  0.5-0.6 | ##### (11)\n  0.6-0.7 | ######### (19)\n  0.7-0.8 | ######## (17)\n  0.8-0.9 | ########### (22)\n  0.9-1.0 | ################################################## (97)\n"
        },
        "Late": {
            "ks_stat": 0.2401219512195122,
            "ks_p_value": 3.960937780792208e-17,
            "bias": 0.1146412787833524,
            "coverage_50": 0.32621951219512196,
            "coverage_90": 0.6615853658536586,
            "fail_low_pct": 0.057926829268292686,
            "fail_high_pct": 0.2804878048780488,
            "rmse": 14.866022780085457,
            "n_samples": 328,
            "pit_histogram": "\n  PIT Distribution (0.0 = Over-predicted, 1.0 = Under-predicted):\n  0.0-0.1 | ############# (30)\n  0.1-0.2 | ############## (32)\n  0.2-0.3 | ########### (24)\n  0.3-0.4 | ######## (19)\n  0.4-0.5 | ######### (20)\n  0.5-0.6 | ######### (20)\n  0.6-0.7 | ############ (28)\n  0.7-0.8 | ###### (14)\n  0.8-0.9 | ############## (32)\n  0.9-1.0 | ################################################## (109)\n"
        }
    }
}