{
    "overall": {
        "ks_stat": 0.2262641898864809,
        "ks_p_value": 1.5218349457452937e-29,
        "bias": 0.08548119911091812,
        "coverage_50": 0.3173374613003096,
        "coverage_90": 0.651702786377709,
        "fail_low_pct": 0.06811145510835913,
        "fail_high_pct": 0.2801857585139319,
        "rmse": 15.064595704668998,
        "n_samples": 646,
        "time_total": 535.7109944820404,
        "time_per_week": 89.28516574700673
    },
    "segments": {
        "Mid": {
            "ks_stat": 0.2085953878406709,
            "ks_p_value": 1.2910220466644807e-12,
            "bias": 0.05647357559839694,
            "coverage_50": 0.29245283018867924,
            "coverage_90": 0.6540880503144654,
            "fail_low_pct": 0.07861635220125786,
            "fail_high_pct": 0.2672955974842767,
            "rmse": 15.47519457840657,
            "n_samples": 318,
            "pit_histogram": "\n  PIT Distribution (0.0 = Over-predicted, 1.0 = Under-predicted):\n  0.0-0.1 | #################### (39)\n  0.1-0.2 | ##################### (42)\n  0.2-0.3 | ############# (27)\n  0.3-0.4 | ######### (19)\n  0.4-0.5 | ######### (19)\n  0.5-0.6 | ####### (14)\n  0.6-0.7 | ########### (23)\n  0.7-0.8 | ######### (18)\n  0.8-0.9 | ########## (20)\n  0.9-1.0 | ################################################## (97)\n"
        },
        "Late": {
            "ks_stat": 0.2527003484320557,
            "ks_p_value": 6.012151329628857e-19,
            "bias": 0.11360444385781354,
            "coverage_50": 0.34146341463414637,
            "coverage_90": 0.649390243902439,
            "fail_low_pct": 0.057926829268292686,
            "fail_high_pct": 0.2926829268292683,
            "rmse": 14.637478547261637,
            "n_samples": 328,
            "pit_histogram": "\n  PIT Distribution (0.0 = Over-predicted, 1.0 = Under-predicted):\n  0.0-0.1 | ############# (31)\n  0.1-0.2 | ############ (29)\n  0.2-0.3 | ########## (23)\n  0.3-0.4 | ########## (24)\n  0.4-0.5 | ######### (21)\n  0.5-0.6 | ######## (20)\n  0.6-0.7 | ########## (23)\n  0.7-0.8 | ######### (22)\n  0.8-0.9 | ########## (23)\n  0.9-1.0 | ################################################## (112)\n"
        }
    }
}