{
    "overall": {
        "ks_stat": 0.20839783281733748,
        "ks_p_value": 4.354350035497575e-25,
        "bias": 0.07362780397696889,
        "coverage_50": 0.3204334365325077,
        "coverage_90": 0.6609907120743034,
        "fail_low_pct": 0.07430340557275542,
        "fail_high_pct": 0.2647058823529412,
        "rmse": 15.336160086001527,
        "n_samples": 646,
        "time_total": 537.7953598499298,
        "time_per_week": 89.6325599749883
    },
    "segments": {
        "Mid": {
            "ks_stat": 0.1890723270440252,
            "ks_p_value": 1.9891316280061896e-10,
            "bias": 0.03376187437225531,
            "coverage_50": 0.3113207547169811,
            "coverage_90": 0.6698113207547169,
            "fail_low_pct": 0.0880503144654088,
            "fail_high_pct": 0.24213836477987422,
            "rmse": 15.581968461911785,
            "n_samples": 318,
            "pit_histogram": "\n  PIT Distribution (0.0 = Over-predicted, 1.0 = Under-predicted):\n  0.0-0.1 | ################################ (55)\n  0.1-0.2 | ################## (31)\n  0.2-0.3 | ############### (26)\n  0.3-0.4 | ############## (24)\n  0.4-0.5 | ############# (22)\n  0.5-0.6 | ######## (15)\n  0.6-0.7 | ########## (18)\n  0.7-0.8 | ##### (10)\n  0.8-0.9 | ################### (33)\n  0.9-1.0 | ################################################## (84)\n"
        },
        "Late": {
            "ks_stat": 0.2406971177613415,
            "ks_p_value": 3.286761166036483e-17,
            "bias": 0.1122783088986119,
            "coverage_50": 0.32926829268292684,
            "coverage_90": 0.6524390243902439,
            "fail_low_pct": 0.06097560975609756,
            "fail_high_pct": 0.2865853658536585,
            "rmse": 15.075785587182672,
            "n_samples": 328,
            "pit_histogram": "\n  PIT Distribution (0.0 = Over-predicted, 1.0 = Under-predicted):\n  0.0-0.1 | ############# (30)\n  0.1-0.2 | ############# (31)\n  0.2-0.3 | ########### (25)\n  0.3-0.4 | ##### (12)\n  0.4-0.5 | ############# (30)\n  0.5-0.6 | ######### (22)\n  0.6-0.7 | ########## (23)\n  0.7-0.8 | ######## (18)\n  0.8-0.9 | ########### (26)\n  0.9-1.0 | ################################################## (111)\n"
        }
    }
}