{
    "overall": {
        "ks_stat": 0.21747105261581678,
        "ks_p_value": 2.6514156897944613e-27,
        "bias": 0.08185344130871208,
        "coverage_50": 0.29256965944272445,
        "coverage_90": 0.6563467492260062,
        "fail_low_pct": 0.07585139318885449,
        "fail_high_pct": 0.2678018575851393,
        "rmse": 15.149512372712646,
        "n_samples": 646,
        "time_total": 180.9272632598877,
        "time_per_week": 30.15454387664795
    },
    "segments": {
        "Mid": {
            "ks_stat": 0.20842767295597475,
            "ks_p_value": 1.3510620838702336e-12,
            "bias": 0.04753395160369045,
            "coverage_50": 0.2672955974842767,
            "coverage_90": 0.6446540880503144,
            "fail_low_pct": 0.10062893081761007,
            "fail_high_pct": 0.25471698113207547,
            "rmse": 15.505220803730808,
            "n_samples": 318,
            "pit_histogram": "\n  PIT Distribution (0.0 = Over-predicted, 1.0 = Under-predicted):\n  0.0-0.1 | ########################### (51)\n  0.1-0.2 | ################# (33)\n  0.2-0.3 | ############## (27)\n  0.3-0.4 | ########## (19)\n  0.4-0.5 | ########### (22)\n  0.5-0.6 | ######### (17)\n  0.6-0.7 | ####### (14)\n  0.7-0.8 | ####### (14)\n  0.8-0.9 | ############### (29)\n  0.9-1.0 | ################################################## (92)\n"
        },
        "Late": {
            "ks_stat": 0.24950223992035836,
            "ks_p_value": 1.7813958054411454e-18,
            "bias": 0.1151266051080928,
            "coverage_50": 0.3170731707317073,
            "coverage_90": 0.6676829268292683,
            "fail_low_pct": 0.051829268292682924,
            "fail_high_pct": 0.2804878048780488,
            "rmse": 14.774269860258489,
            "n_samples": 328,
            "pit_histogram": "\n  PIT Distribution (0.0 = Over-predicted, 1.0 = Under-predicted):\n  0.0-0.1 | ########## (24)\n  0.1-0.2 | ################## (41)\n  0.2-0.3 | ####### (18)\n  0.3-0.4 | ########## (23)\n  0.4-0.5 | ########## (23)\n  0.5-0.6 | ######## (19)\n  0.6-0.7 | ######### (21)\n  0.7-0.8 | ######### (21)\n  0.8-0.9 | ########### (25)\n  0.9-1.0 | ################################################## (113)\n"
        }
    }
}