{
    "overall": {
        "ks_stat": 0.2297971820307071,
        "ks_p_value": 1.8018718121599665e-30,
        "bias": 0.08745534640450414,
        "coverage_50": 0.32507739938080493,
        "coverage_90": 0.6470588235294118,
        "fail_low_pct": 0.0696594427244582,
        "fail_high_pct": 0.28328173374613,
        "rmse": 15.425513049900855,
        "n_samples": 646,
        "time_total": 73.12460827827454,
        "time_per_week": 12.187434713045755
    },
    "segments": {
        "Mid": {
            "ks_stat": 0.21672955974842767,
            "ks_p_value": 1.3603249461932954e-13,
            "bias": 0.05578037160605864,
            "coverage_50": 0.3050314465408805,
            "coverage_90": 0.6320754716981132,
            "fail_low_pct": 0.09119496855345911,
            "fail_high_pct": 0.27672955974842767,
            "rmse": 15.78311852926726,
            "n_samples": 318,
            "pit_histogram": "\n  PIT Distribution (0.0 = Over-predicted, 1.0 = Under-predicted):\n  0.0-0.1 | ###################### (43)\n  0.1-0.2 | ##################### (40)\n  0.2-0.3 | ############# (25)\n  0.3-0.4 | ######### (18)\n  0.4-0.5 | ########## (20)\n  0.5-0.6 | ########### (21)\n  0.6-0.7 | ######## (16)\n  0.7-0.8 | ##### (11)\n  0.8-0.9 | ############### (29)\n  0.9-1.0 | ################################################## (95)\n"
        },
        "Late": {
            "ks_stat": 0.24585365853658536,
            "ks_p_value": 6.042004932372195e-18,
            "bias": 0.11816462075177758,
            "coverage_50": 0.3445121951219512,
            "coverage_90": 0.6615853658536586,
            "fail_low_pct": 0.04878048780487805,
            "fail_high_pct": 0.2896341463414634,
            "rmse": 15.054756493797571,
            "n_samples": 328,
            "pit_histogram": "\n  PIT Distribution (0.0 = Over-predicted, 1.0 = Under-predicted):\n  0.0-0.1 | ############# (29)\n  0.1-0.2 | ############ (27)\n  0.2-0.3 | ############ (28)\n  0.3-0.4 | ####### (17)\n  0.4-0.5 | ######### (22)\n  0.5-0.6 | ############ (28)\n  0.6-0.7 | ######### (21)\n  0.7-0.8 | ####### (16)\n  0.8-0.9 | ############# (29)\n  0.9-1.0 | ################################################## (111)\n"
        }
    }
}