{
    "ks_stat": 0.2337461300309598,
    "ks_p_value": 1.5927639362417465e-31,
    "bias": 0.037113866359490655,
    "coverage_50": 0.19195046439628483,
    "coverage_90": 0.33900928792569657,
    "rmse": 13.372514611421451,
    "n_samples": 646
}