{
    "overall": {
        "ks_stat": 0.2344891640866873,
        "ks_p_value": 1.0041611802504652e-31,
        "bias": 0.08065634511901343,
        "coverage_50": 0.29876160990712075,
        "coverage_90": 0.6486068111455109,
        "fail_low_pct": 0.07430340557275542,
        "fail_high_pct": 0.2770897832817337,
        "rmse": 15.14203838395593,
        "n_samples": 646,
        "time_total": 524.8497877120972,
        "time_per_week": 87.47496461868286
    },
    "segments": {
        "Mid": {
            "ks_stat": 0.20359389038634323,
            "ks_p_value": 4.926971029859735e-12,
            "bias": 0.04996920218806877,
            "coverage_50": 0.2830188679245283,
            "coverage_90": 0.660377358490566,
            "fail_low_pct": 0.0880503144654088,
            "fail_high_pct": 0.25157232704402516,
            "rmse": 15.329562536464428,
            "n_samples": 318,
            "pit_histogram": "\n  PIT Distribution (0.0 = Over-predicted, 1.0 = Under-predicted):\n  0.0-0.1 | ######################## (46)\n  0.1-0.2 | #################### (39)\n  0.2-0.3 | ############## (28)\n  0.3-0.4 | ######### (18)\n  0.4-0.5 | ####### (15)\n  0.5-0.6 | ########## (19)\n  0.6-0.7 | ########## (19)\n  0.7-0.8 | ######## (16)\n  0.8-0.9 | ############ (24)\n  0.9-1.0 | ################################################## (94)\n"
        },
        "Late": {
            "ks_stat": 0.2702439024390244,
            "ks_p_value": 1.1957516681608882e-21,
            "bias": 0.1104079044240146,
            "coverage_50": 0.31402439024390244,
            "coverage_90": 0.6371951219512195,
            "fail_low_pct": 0.06097560975609756,
            "fail_high_pct": 0.3018292682926829,
            "rmse": 14.939261931122862,
            "n_samples": 328,
            "pit_histogram": "\n  PIT Distribution (0.0 = Over-predicted, 1.0 = Under-predicted):\n  0.0-0.1 | ############# (31)\n  0.1-0.2 | ############# (32)\n  0.2-0.3 | ######### (23)\n  0.3-0.4 | ######### (23)\n  0.4-0.5 | ######### (23)\n  0.5-0.6 | ######## (19)\n  0.6-0.7 | ##### (14)\n  0.7-0.8 | ########### (26)\n  0.8-0.9 | ######## (20)\n  0.9-1.0 | ################################################## (117)\n"
        }
    }
}